-- Seed data for Naval Blood Donation Archive System (excluding admin_table)
USE blood_archive;

INSERT INTO donor_table (
    donor_id,
    first_name,
    last_name,
    blood_type,
    contact_no,
    address,
    last_donation_date,
    eligibility_status
) VALUES
(1,'Juan','Santos','O+','0917-402-1101','Brgy. Caraycaray, Naval, Biliran','2026-03-01','Eligible'),
(2,'Maria','Reyes','A+','0917-402-1102','Brgy. Santissima Trinidad, Naval, Biliran','2026-02-14','Eligible'),
(3,'Jose','Dela Cruz','B-','0917-402-1103','Brgy. Villa Caneja, Naval, Biliran','2025-12-20','Eligible'),
(4,'Ana','Navarro','AB+','0917-402-1104','Brgy. P.I. Garcia, Naval, Biliran','2025-11-05','Ineligible'),
(5,'Miguel','Delgado','O-','0917-402-1105','Brgy. Mabini, Naval, Biliran','2026-01-22','Eligible'),
(6,'Liza','Santos','A-','0917-402-1106','Brgy. Borac, Naval, Biliran','2025-09-30','Ineligible'),
(7,'Paolo','Hernandez','B+','0917-402-1107','Brgy. Anislagan, Naval, Biliran','2026-02-28','Eligible'),
(8,'Jasmine','Flores','O+','0917-402-1108','Brgy. Calumpang, Naval, Biliran','2026-03-15','Eligible'),
(9,'Ramon','Ng','AB-','0917-402-1109','Brgy. Sto. Niño, Naval, Biliran','2025-10-12','Ineligible'),
(10,'Grace','Tan','A+','0917-402-1110','Brgy. Sabang, Naval, Biliran','2026-01-08','Eligible'),
(11,'Carlo','Bautista','B+','0917-402-1111','Brgy. Padre Sergio, Naval, Biliran','2026-02-03','Eligible'),
(12,'Mia','Castillo','O-','0917-402-1112','Brgy. Lico, Naval, Biliran','2025-12-07','Eligible'),
(13,'Arnel','Garcia','O+','0917-402-1113','Brgy. San Pablo, Naval, Biliran','2026-03-20','Eligible'),
(14,'Rica','Villanueva','A+','0917-402-1114','Brgy. Talustusan, Naval, Biliran','2026-02-09','Eligible'),
(15,'Joel','Pascual','B-','0917-402-1115','Brgy. Daguitan, Naval, Biliran','2025-12-01','Eligible'),
(16,'Katrina','Salazar','AB+','0917-402-1116','Brgy. Umanday, Naval, Biliran','2025-11-18','Ineligible'),
(17,'Nestor','Ramos','O-','0917-402-1117','Brgy. Larrazabal, Naval, Biliran','2026-01-29','Eligible'),
(18,'Celina','Domingo','A-','0917-402-1118','Brgy. Poblacion, Naval, Biliran','2025-10-06','Ineligible'),
(19,'Renato','Cruz','B+','0917-402-1119','Brgy. Matobato, Naval, Biliran','2026-03-05','Eligible'),
(20,'Ivy','Mendoza','O+','0917-402-1120','Brgy. Lucsoon, Naval, Biliran','2026-02-24','Eligible'),
(21,'Dante','Aquino','AB-','0917-402-1121','Brgy. Paiwastan, Naval, Biliran','2025-09-14','Ineligible'),
(22,'Shiela','Manalo','A+','0917-402-1122','Brgy. Mantacida, Naval, Biliran','2026-01-12','Eligible'),
(23,'Roland','Soriano','B+','0917-402-1123','Brgy. Aguinaldo, Naval, Biliran','2026-02-18','Eligible'),
(24,'Yvonne','Cabrera','O-','0917-402-1124','Brgy. Santania, Naval, Biliran','2025-12-14','Eligible');

INSERT INTO blood_unit_table (
    unit_id,
    donor_id,
    blood_type,
    volume_ml,
    collection_date,
    expiry_date,
    status
) VALUES
(101,1,'O+',450,'2026-03-01','2026-04-12','Available'),
(102,2,'A+',450,'2026-02-14','2026-03-28','Issued'),
(103,3,'B-',450,'2025-12-20','2026-01-31','Expired'),
(104,4,'AB+',450,'2025-11-05','2025-12-17','Expired'),
(105,5,'O-',450,'2026-01-22','2026-03-05','Issued'),
(106,6,'A-',450,'2025-09-30','2025-11-11','Expired'),
(107,7,'B+',450,'2026-02-28','2026-04-11','Available'),
(108,8,'O+',450,'2026-03-15','2026-04-26','Available'),
(109,9,'AB-',450,'2025-10-12','2025-11-23','Expired'),
(110,10,'A+',450,'2026-01-08','2026-02-19','Issued'),
(111,11,'B+',450,'2026-02-03','2026-03-17','Available'),
(112,12,'O-',450,'2025-12-07','2026-01-18','Issued'),
(113,13,'O+',450,'2026-03-20','2026-05-01','Available'),
(114,14,'A+',450,'2026-02-09','2026-03-23','Issued'),
(115,15,'B-',450,'2025-12-01','2026-01-12','Expired'),
(116,16,'AB+',450,'2025-11-18','2025-12-30','Expired'),
(117,17,'O-',450,'2026-01-29','2026-03-12','Available'),
(118,18,'A-',450,'2025-10-06','2025-11-17','Expired'),
(119,19,'B+',450,'2026-03-05','2026-04-16','Available'),
(120,20,'O+',450,'2026-02-24','2026-04-07','Available'),
(121,21,'AB-',450,'2025-09-14','2025-10-26','Expired'),
(122,22,'A+',450,'2026-01-12','2026-02-23','Issued'),
(123,23,'B+',450,'2026-02-18','2026-04-01','Available'),
(124,24,'O-',450,'2025-12-14','2026-01-25','Issued');

INSERT INTO donation_transaction_table (
    transaction_id,
    donor_id,
    unit_id,
    staff_id,
    transaction_date,
    remarks
) VALUES
(1001,1,101,201,'2026-03-01 09:15:00','Collected at Naval Rural Health Unit'),
(1002,2,102,202,'2026-02-14 10:05:00','Naval town blood drive'),
(1003,3,103,201,'2025-12-20 14:40:00','Routine donation'),
(1004,4,104,203,'2025-11-05 11:20:00','Donor later deferred'),
(1005,5,105,204,'2026-01-22 08:55:00','Emergency drive'),
(1006,6,106,203,'2025-09-30 15:10:00','Low hemoglobin noted'),
(1007,7,107,202,'2026-02-28 13:30:00','Routine donation'),
(1008,8,108,201,'2026-03-15 09:45:00','Routine donation'),
(1009,10,110,204,'2026-01-08 10:25:00','Routine donation'),
(1010,12,112,202,'2025-12-07 16:05:00','Routine donation'),
(1011,13,113,205,'2026-03-20 09:10:00','Barangay outreach'),
(1012,14,114,202,'2026-02-09 11:00:00','Routine donation'),
(1013,15,115,201,'2025-12-01 15:25:00','Routine donation'),
(1014,17,117,205,'2026-01-29 08:40:00','Naval town blood drive'),
(1015,19,119,204,'2026-03-05 10:15:00','Routine donation'),
(1016,20,120,201,'2026-02-24 09:35:00','Routine donation'),
(1017,22,122,203,'2026-01-12 13:05:00','Routine donation'),
(1018,23,123,202,'2026-02-18 14:10:00','Routine donation'),
(1019,24,124,205,'2025-12-14 16:20:00','Routine donation');
